Laser Intensity (mA),k_equipartition,err_k_eq,k_potential,err_k_potential,PSD_I_k,PSD_II_drag,PSD_II_k_b,PSD_II_f0,PSD_II_k,PSD_III_f0,PSD_III_k,PSD_III_drag
150.0,0.0001263009718302661,[7.21218394e-06],6.666181678410384e-05,[3.80660004e-06],0,4.877351338525688e-07,4.7488709890296855e-25,-56.72745304731302,-5.979491916359183e-06,56.72908769598381,0.0001738396512267328,4.877116999726462e-07
100.0,9.841063271231782e-05,[5.63528384e-06],3.9377535797591833e-05,[2.25487414e-06],0,1.0464830246865375e-06,2.2133098892614757e-25,-19.416852882897583,-2.046679493217984e-06,19.417450020166427,0.0001276694249254639,1.0464412184650523e-06
200.0,0.0003209572103828904,[1.93173856e-05],0.00014896079241459576,[8.96547255e-06],0,5.79389294146241e-07,3.997642432962103e-25,-104.92145123349133,-1.1059494756094152e-05,104.91968422013885,0.00038196200217562693,5.794064399963161e-07
250.0,0.0003483230384662764,[1.97159019e-05],0.00017479061458592046,[9.89355924e-06],0,3.0648993744941633e-07,7.557152599390782e-25,175.4527940458083,1.8494018457421937e-05,175.45296772689545,0.00033787497047333467,3.0648938228028746e-07
300.0,0.00041637940878109706,[2.30514739e-05],0.0002173519481234389,[1.20329744e-05],0,7.646983267768149e-07,3.028895377927221e-25,110.8782401692954,1.1687384241267952e-05,110.81915462798511,0.0005329582344169863,7.654176550411274e-07
