Laser Intensity (mA),k_equipartition,k_eq_err,trap_boltz,PSD_I_k,PSD_II_drag,PSD_II_k_b,PSD_II_f0,PSD_II_k,PSD_III_f0,PSD_III_k,PSD_III_drag
100.0,9.841063271231782e-05,[5.63528384e-06],4.541979457276828e-05,2.728886363603821e-05,1.046478654844965e-06,2.2133191315078623e-25,19.41691529249043,2.046686071649341e-06,19.41744989968588,0.00012766942516717072,1.0464412269391127e-06
