Laser Intensity (mA),k_equipartition,k_eq_err,trap_boltz,PSD_I_k,PSD_II_drag,PSD_II_k_b,PSD_II_f0,PSD_II_k,PSD_III_f0,PSD_III_k,PSD_III_drag
100.0,7.827246802962852e-06,[2.20788518e-07],4.032507736492793e-06,9.095533755511711e-06,2.294993075538515e-08,1.0092366953828325e-23,72.2183206434999,7.6123436062021e-06,72.21162720781055,1.0414469778784994e-05,2.2953565915427945e-08
