Laser Intensity (mA),k_equipartition,err_k_eq,k_potential,err_k_potential,err_k_cov,PSD_I_k,err_PSD_I_k,PSD_II_drag,err_PSD_II_drag,PSD_II_k_b,err_PSD_II_k_b,PSD_II_f0,err_PSD_II_f0,PSD_II_k,err_PSD_II_k,PSD_III_f0,err_PSD_III_f0,PSD_III_k,err_PSD_III_k,PSD_III_drag,err_PSD_III_drag
100.0,8.138407078973267e-06,[2.29565629e-07],8.674014920422427e-06,[2.44673887e-07],1.8993981139544492e-07,0,0,3.454152020620663e-08,1.6029572797444104e-09,6.705527763849801e-24,5.528297974701839e-16,-53.40986851088588,1.4652056749837339,-1.1591585008543474e-05,6751142.521459042,-53.40988407908436,1.4652078500308499,-1.1591582647444765e-05,2.3615938534698023e-07,3.45415031020734e-08,1.1803179989247538e-09
100.0,8.138407078973267e-06,[2.29565629e-07],8.674014920422427e-06,[2.44673887e-07],1.8993981139544492e-07,0,0,3.454152020620663e-08,1.6029572797444104e-09,6.705527763849801e-24,5.528297974701839e-16,-53.40986851088588,1.4652056749837339,-1.1591585008543474e-05,6751142.521459042,-53.40988407908436,1.4652078500308499,-1.1591582647444765e-05,2.3615938534698023e-07,3.45415031020734e-08,1.1803179989247538e-09
