Laser Intensity (mA),k_equipartition,err_k_eq,k_potential,err_k_potential,PSD_I_k,PSD_II_drag,PSD_II_k_b,PSD_II_f0,PSD_II_k,PSD_III_f0,PSD_III_k,PSD_III_drag
150.0,1.055067626611595e-05,[2.69403306e-07],5.266265643966239e-06,[1.34469994e-07],0,5.592034923389832e-08,4.1419470000000006e-24,105.0,1.1067774375381605e-05,105.0,2.975e-05,4.509390054270368e-08
100.0,7.827246802962852e-06,[2.20788518e-07],4.020189682334338e-06,[1.13400247e-07],0,5.592034923389832e-08,4.1419470000000006e-24,105.0,1.1067774375381605e-05,105.0,2.975e-05,4.509390054270368e-08
200.0,1.3746492285191244e-05,[4.20296149e-07],7.662575983343446e-06,[2.34281671e-07],0,5.592034923389832e-08,4.1419470000000006e-24,105.0,1.1067774375381605e-05,105.0,2.975e-05,4.509390054270368e-08
250.0,1.3370303795945554e-05,[3.33479303e-07],6.753221568372976e-06,[1.68437431e-07],0,5.592034923389832e-08,4.1419470000000006e-24,105.0,1.1067774375381605e-05,105.0,2.975e-05,4.509390054270368e-08
300.0,1.6055402799878377e-05,[4.68412338e-07],8.55666129878943e-06,[2.49638441e-07],0,5.592034923389832e-08,4.1419470000000006e-24,105.0,1.1067774375381605e-05,105.0,2.975e-05,4.509390054270368e-08
